id|kf|expansion|house|rarity|name|type|url
1|'001'|'call of the archons'|'brobnar'|'c'|'anger'|'action'|'https://cdn.keyforgegame.com/media/card_front/en/341_1_7C854VPW72RH_en.png'
2|'002'|'call of the archons'|'brobnar'|'r'|'barehanded'|'action'|'https://cdn.keyforgegame.com/media/card_front/en/341_2_53CXMQCJ46PP_en.png'
3|'003'|'call of the archons'|'brobnar'|'u'|'blood money'|'action'|'https://cdn.keyforgegame.com/media/card_front/en/341_3_XX937XGH258R_en.png'
4|'004'|'call of the archons'|'brobnar'|'r'|'brothers in battle'|'action'|'https://cdn.keyforgegame.com/media/card_front/en/341_4_75MHQJM77RGH_en.png'
5|'005'|'call of the archons'|'brobnar'|'u'|'burn the stockpile'|'action'|'https://cdn.keyforgegame.com/media/card_front/en/341_5_7WCGR88265CM_en.png'
6|'006'|'call of the archons'|'brobnar'|'r'|'champion's challenge'|'action'|'https://cdn.keyforgegame.com/media/card_front/en/341_6_PJ6HFMR62X8F_en.png'
7|'007'|'call of the archons'|'brobnar'|'c'|'coward's end'|'action'|'https://cdn.keyforgegame.com/media/card_front/en/341_7_CFRV9R6JG7P7_en.png'
8|'008'|'call of the archons'|'brobnar'|'u'|'follow the leader'|'action'|'https://cdn.keyforgegame.com/media/card_front/en/341_8_4CGG6P6JQ44W_en.png'
9|'009'|'call of the archons'|'brobnar'|'r'|'lava ball'|'action'|'https://cdn.keyforgegame.com/media/card_front/en/341_9_G7F5XC6J5QMG_en.png'
10|'010'|'call of the archons'|'brobnar'|'c'|'loot the bodies'|'action'|'https://cdn.keyforgegame.com/media/card_front/en/341_10_48CVW9F66MJ8_en.png'
11|'011'|'call of the archons'|'brobnar'|'r'|'take that, smartypants'|'action'|'https://cdn.keyforgegame.com/media/card_front/en/341_11_R2V4JJXQRVGH_en.png'
12|'012'|'call of the archons'|'brobnar'|'c'|'punch'|'action'|'https://cdn.keyforgegame.com/media/card_front/en/341_12_8QF6VM4C23R9_en.png'
13|'013'|'call of the archons'|'brobnar'|'u'|'relentless assault'|'action'|'https://cdn.keyforgegame.com/media/card_front/en/341_13_967HJV9Q3J5P_en.png'
14|'014'|'call of the archons'|'brobnar'|'u'|'smith'|'action'|'https://cdn.keyforgegame.com/media/card_front/en/341_14_CV3QCM67C9GM_en.png'
15|'015'|'call of the archons'|'brobnar'|'u'|'sound the horns'|'action'|'https://cdn.keyforgegame.com/media/card_front/en/341_15_8HXH9WQ5P4V4_en.png'
16|'016'|'call of the archons'|'brobnar'|'c'|'tremor'|'action'|'https://cdn.keyforgegame.com/media/card_front/en/341_16_HQJ525M2CVG9_en.png'
17|'017'|'call of the archons'|'brobnar'|'u'|'unguarded camp'|'action'|'https://cdn.keyforgegame.com/media/card_front/en/341_17_64F73PR27H7P_en.png'
18|'018'|'call of the archons'|'brobnar'|'c'|'warsong'|'action'|'https://cdn.keyforgegame.com/media/card_front/en/341_18_Q84XVC2GVCPR_en.png'
19|'019'|'call of the archons'|'brobnar'|'r'|'autocannon'|'artifact'|'https://cdn.keyforgegame.com/media/card_front/en/341_19_XRFQ9GHJ98C3_en.png'
20|'020'|'call of the archons'|'brobnar'|'r'|'banner of battle'|'artifact'|'https://cdn.keyforgegame.com/media/card_front/en/341_20_3FQVR3V3CR7F_en.png'
21|'021'|'call of the archons'|'brobnar'|'u'|'cannon'|'artifact'|'https://cdn.keyforgegame.com/media/card_front/en/341_21_CRMGW6QVC5HC_en.png'
22|'022'|'call of the archons'|'brobnar'|'c'|'gauntlet of command'|'artifact'|'https://cdn.keyforgegame.com/media/card_front/en/341_22_5F6F47CPQM7J_en.png'
23|'023'|'call of the archons'|'brobnar'|'r'|'iron obelisk'|'artifact'|'https://cdn.keyforgegame.com/media/card_front/en/341_23_G489GRF3RCV2_en.png'
24|'024'|'call of the archons'|'brobnar'|'u'|'might javelin'|'artifact'|'https://cdn.keyforgegame.com/media/card_front/en/341_24_CG2485CM5HV4_en.png'
25|'025'|'call of the archons'|'brobnar'|'r'|'pile of skulls'|'artifact'|'https://cdn.keyforgegame.com/media/card_front/en/341_25_M6WXP2FVXH53_en.png'
26|'026'|'call of the archons'|'brobnar'|'u'|'screechbom'|'artifact'|'https://cdn.keyforgegame.com/media/card_front/en/341_26_WGX3X54PQCMP_en.png'
27|'027'|'call of the archons'|'brobnar'|'u'|'the warchest'|'artifact'|'https://cdn.keyforgegame.com/media/card_front/en/341_27_5G98X8WW3V6G_en.png'
28|'028'|'call of the archons'|'brobnar'|'r'|'bilgum avalanche'|'creature'|'https://cdn.keyforgegame.com/media/card_front/en/341_28_VP32QGRWMRW3_en.png'
29|'029'|'call of the archons'|'brobnar'|'c'|'valdr'|'creature'|'https://cdn.keyforgegame.com/media/card_front/en/341_29_97VGG57XM738_en.png'
30|'030'|'call of the archons'|'brobnar'|'c'|'bumpsy'|'creature'|'https://cdn.keyforgegame.com/media/card_front/en/341_30_X82H79CQ6XH6_en.png'
31|'031'|'call of the archons'|'brobnar'|'u'|'earthshaker'|'creature'|'https://cdn.keyforgegame.com/media/card_front/en/341_31_C7RGGJ9WG7XW_en.png'
32|'032'|'call of the archons'|'brobnar'|'c'|'firespitter'|'creature'|'https://cdn.keyforgegame.com/media/card_front/en/341_32_PVV2WC6R6QWP_en.png'
33|'033'|'call of the archons'|'brobnar'|'c'|'ganger chieftain'|'creature'|'https://cdn.keyforgegame.com/media/card_front/en/341_33_FGH2M9G9W45J_en.png'
34|'034'|'call of the archons'|'brobnar'|'u'|'grenade snib'|'creature'|'https://cdn.keyforgegame.com/media/card_front/en/341_34_WJXC3F32R7CP_en.png'
35|'035'|'call of the archons'|'brobnar'|'c'|'headhunter'|'creature'|'https://cdn.keyforgegame.com/media/card_front/en/341_35_M3H9MVCF63W7_en.png'
36|'036'|'call of the archons'|'brobnar'|'u'|'hebe the huge'|'creature'|'https://cdn.keyforgegame.com/media/card_front/en/341_36_73MRHJRCWXP4_en.png'
37|'037'|'call of the archons'|'brobnar'|'r'|'kelifi dragon'|'creature'|'https://cdn.keyforgegame.com/media/card_front/en/341_37_PGMRV99HCWG7_en.png'
38|'038'|'call of the archons'|'brobnar'|'r'|'king of the crag'|'creature'|'https://cdn.keyforgegame.com/media/card_front/en/341_38_VH6FGMM4HCH4_en.png'
39|'039'|'call of the archons'|'brobnar'|'c'|'krump'|'creature'|'https://cdn.keyforgegame.com/media/card_front/en/341_39_Q64CQC29J542_en.png'
40|'040'|'call of the archons'|'brobnar'|'u'|'lomir flamefist'|'creature'|'https://cdn.keyforgegame.com/media/card_front/en/341_40_MH3839C78779_en.png'
41|'041'|'call of the archons'|'brobnar'|'r'|'looter goblin'|'creature'|'https://cdn.keyforgegame.com/media/card_front/en/341_41_779WFQQ368X7_en.png'
42|'042'|'call of the archons'|'brobnar'|'r'|'mugwump'|'creature'|'https://cdn.keyforgegame.com/media/card_front/en/341_42_6G82WPR8965X_en.png'
43|'043'|'call of the archons'|'brobnar'|'r'|'pingle who annoys'|'creature'|'https://cdn.keyforgegame.com/media/card_front/en/341_43_PC7XR5283WJ_en.png'
44|'044'|'call of the archons'|'brobnar'|'r'|'rock-hurling giant'|'creature'|'https://cdn.keyforgegame.com/media/card_front/en/341_44_HP3GQM2F73G5_en.png'
45|'045'|'call of the archons'|'brobnar'|'r'|'rogue ogre'|'creature'|'https://cdn.keyforgegame.com/media/card_front/en/341_45_HWPQ963W848R_en.png'
46|'046'|'call of the archons'|'brobnar'|'c'|'smaaash'|'creature'|'https://cdn.keyforgegame.com/media/card_front/en/341_46_MXF2PV92XQPW_en.png'
47|'047'|'call of the archons'|'brobnar'|'r'|'tireless crocag'|'creature'|'https://cdn.keyforgegame.com/media/card_front/en/341_47_QHVVFWHGJM8R_en.png'
48|'048'|'call of the archons'|'brobnar'|'c'|'troll'|'creature'|'https://cdn.keyforgegame.com/media/card_front/en/341_48_CPX86RFXW765_en.png'
49|'049'|'call of the archons'|'brobnar'|'c'|'wardrummer'|'creature'|'https://cdn.keyforgegame.com/media/card_front/en/341_49_3J962PMQJRJ6_en.png'
50|'050'|'call of the archons'|'brobnar'|'u'|'blood of titans'|'upgrade'|'https://cdn.keyforgegame.com/media/card_front/en/341_50_3GJFRPFVMF7M_en.png'
51|'051'|'call of the archons'|'brobnar'|'r'|'phoenix heart'|'upgrade'|'https://cdn.keyforgegame.com/media/card_front/en/341_51_6X84PQ7GMFP9_en.png'
52|'052'|'call of the archons'|'brobnar'|'r'|'yo mama mastery'|'upgrade'|'https://cdn.keyforgegame.com/media/card_front/en/341_52_9664WG465QGC_en.png'
53|'053'|'call of the archons'|'dis'|'r'|'a fair game'|'action'|'https://cdn.keyforgegame.com/media/card_front/en/341_53_CJXQV688FHG_en.png'
54|'054'|'call of the archons'|'dis'|'c'|'arise!'|'action'|'https://cdn.keyforgegame.com/media/card_front/en/341_54_F9GHFCWJ233R_en.png'
55|'055'|'call of the archons'|'dis'|'c'|'control the weak'|'action'|'https://cdn.keyforgegame.com/media/card_front/en/341_55_7CJ4H2WMJWQ2_en.png'
56|'056'|'call of the archons'|'dis'|'r'|'creeping oblivion'|'action'|'https://cdn.keyforgegame.com/media/card_front/en/341_56_4RHHVXPC3X35_en.png'
57|'057'|'call of the archons'|'dis'|'r'|'dance of doom'|'action'|'https://cdn.keyforgegame.com/media/card_front/en/341_57_QR3X35J5GWCR_en.png'
58|'058'|'call of the archons'|'dis'|'c'|'fear'|'action'|'https://cdn.keyforgegame.com/media/card_front/en/341_58_7RV7CX53R83P_en.png'
59|'059'|'call of the archons'|'dis'|'c'|'gateway to dis'|'action'|'https://cdn.keyforgegame.com/media/card_front/en/341_59_WW6PQP2CGM8H_en.png'
60|'060'|'call of the archons'|'dis'|'u'|'gongoozle'|'action'|'https://cdn.keyforgegame.com/media/card_front/en/341_60_8J78GV8GV57Q_en.png'
61|'061'|'call of the archons'|'dis'|'r'|'guilty hearts'|'action'|'https://cdn.keyforgegame.com/media/card_front/en/341_61_HM8RPQWR5X46_en.png'
62|'062'|'call of the archons'|'dis'|'c'|'hand of dis'|'action'|'https://cdn.keyforgegame.com/media/card_front/en/341_62_8WF3JF84X9VM_en.png'
63|'063'|'call of the archons'|'dis'|'r'|'hecatomb'|'action'|'https://cdn.keyforgegame.com/media/card_front/en/341_63_4HRPQ25HC9QR_en.png'
64|'064'|'call of the archons'|'dis'|'u'|'tendrils of pain'|'action'|'https://cdn.keyforgegame.com/media/card_front/en/341_64_WCMG558RP6QV_en.png'
65|'065'|'call of the archons'|'dis'|'u'|'hysteria'|'action'|'https://cdn.keyforgegame.com/media/card_front/en/341_65_HX7W9345R87F_en.png'
66|'066'|'call of the archons'|'dis'|'u'|'key hammer'|'action'|'https://cdn.keyforgegame.com/media/card_front/en/341_66_RR9GCHVXP44C_en.png'
67|'067'|'call of the archons'|'dis'|'c'|'mind barb'|'action'|'https://cdn.keyforgegame.com/media/card_front/en/341_67_GJXV3PCXVPMW_en.png'
68|'068'|'call of the archons'|'dis'|'u'|'pandemonium'|'action'|'https://cdn.keyforgegame.com/media/card_front/en/341_68_52H2XVR2J45G_en.png'
69|'069'|'call of the archons'|'dis'|'u'|'poltergeist'|'action'|'https://cdn.keyforgegame.com/media/card_front/en/341_69_P2P8M5XWMHCW_en.png'
70|'070'|'call of the archons'|'dis'|'r'|'red-hot armor'|'action'|'https://cdn.keyforgegame.com/media/card_front/en/341_70_QXV6993G25X7_en.png'
71|'071'|'call of the archons'|'dis'|'u'|'three fates'|'action'|'https://cdn.keyforgegame.com/media/card_front/en/341_71_5P29489P6443_en.png'
72|'072'|'call of the archons'|'dis'|'r'|'annihilation ritual '|'artifact'|'https://cdn.keyforgegame.com/media/card_front/en/341_72_H2HJ8R9HF5C_en.png'
73|'073'|'call of the archons'|'dis'|'c'|'dominator bauble'|'artifact'|'https://cdn.keyforgegame.com/media/card_front/en/341_73_QRQ93X7RG4J9_en.png'
74|'074'|'call of the archons'|'dis'|'r'|'key to dis'|'artifact'|'https://cdn.keyforgegame.com/media/card_front/en/341_74_RP2JCG669GWQ_en.png'
75|'075'|'call of the archons'|'dis'|'c'|'lash of broken dreams'|'artifact'|'https://cdn.keyforgegame.com/media/card_front/en/341_75_5WF77V8WRRPP_en.png'
76|'076'|'call of the archons'|'dis'|'u'|'library of the damned'|'artifact'|'https://cdn.keyforgegame.com/media/card_front/en/341_76_QR2M3J84P2GX_en.png'
77|'077'|'call of the archons'|'dis'|'u'|'lifeward'|'artifact'|'https://cdn.keyforgegame.com/media/card_front/en/341_77_46M5PVW2VRX9_en.png'
78|'078'|'call of the archons'|'dis'|'r'|'sacrificial altar'|'artifact'|'https://cdn.keyforgegame.com/media/card_front/en/341_78_Q7JWX2HW28FX_en.png'
79|'079'|'call of the archons'|'dis'|'r'|'screaming cave'|'artifact'|'https://cdn.keyforgegame.com/media/card_front/en/341_79_WQCG263H8RWW_en.png'
80|'080'|'call of the archons'|'dis'|'r'|'soul snatcher'|'artifact'|'https://cdn.keyforgegame.com/media/card_front/en/341_80_79QFRXPXVQ33_en.png'
81|'081'|'call of the archons'|'dis'|'c'|'charette'|'creature'|'https://cdn.keyforgegame.com/media/card_front/en/341_81_GM7WM322M4_en.png'
82|'082'|'call of the archons'|'dis'|'u'|'drumble'|'creature'|'https://cdn.keyforgegame.com/media/card_front/en/341_82_HVV8PJ352J78_en.png'
83|'083'|'call of the archons'|'dis'|'c'|'dust imp'|'creature'|'https://cdn.keyforgegame.com/media/card_front/en/341_83_9V7X379WFV8V_en.png'
84|'084'|'call of the archons'|'dis'|'r'|'eater of the dead'|'creature'|'https://cdn.keyforgegame.com/media/card_front/en/341_84_5P9QW3X62X46_en.png'
85|'085'|'call of the archons'|'dis'|'c'|'ember imp'|'creature'|'https://cdn.keyforgegame.com/media/card_front/en/341_85_C72X25358RG2_en.png'
86|'086'|'call of the archons'|'dis'|'r'|'gabos longarms'|'creature'|'https://cdn.keyforgegame.com/media/card_front/en/341_86_33RP646XMQ93_en.png'
87|'087'|'call of the archons'|'dis'|'r'|'overlord greking'|'creature'|'https://cdn.keyforgegame.com/media/card_front/en/341_87_JFFVJ73VP9VQ_en.png'
88|'088'|'call of the archons'|'dis'|'u'|'guardian demon'|'creature'|'https://cdn.keyforgegame.com/media/card_front/en/341_88_W95JX5C22HW7_en.png'
89|'089'|'call of the archons'|'dis'|'r'|'master of 1'|'creature'|'https://cdn.keyforgegame.com/media/card_front/en/341_89_RF2PX33PJW8W_en.png'
90|'090'|'call of the archons'|'dis'|'variant'|'master of 2'|'creature'|'https://cdn.keyforgegame.com/media/card_front/en/341_90_6PRCRMHM5G4W_en.png'
91|'091'|'call of the archons'|'dis'|'variant'|'master of 3'|'creature'|'https://cdn.keyforgegame.com/media/card_front/en/341_91_JQ7CXW28FW88_en.png'
92|'092'|'call of the archons'|'dis'|'c'|'pit demon'|'creature'|'https://cdn.keyforgegame.com/media/card_front/en/341_92_CRW34FMH3JF2_en.png'
93|'093'|'call of the archons'|'dis'|'r'|'pitlord'|'creature'|'https://cdn.keyforgegame.com/media/card_front/en/341_93_95PVMCCHQ7P2_en.png'
94|'094'|'call of the archons'|'dis'|'r'|'restringuntus'|'creature'|'https://cdn.keyforgegame.com/media/card_front/en/341_94_F38PVXG83G8X_en.png'
95|'095'|'call of the archons'|'dis'|'u'|'shaffles'|'creature'|'https://cdn.keyforgegame.com/media/card_front/en/341_95_563MPX64P3XC_en.png'
96|'096'|'call of the archons'|'dis'|'c'|'shooler'|'creature'|'https://cdn.keyforgegame.com/media/card_front/en/341_96_4J8576237M3X_en.png'
97|'097'|'call of the archons'|'dis'|'u'|'snudge'|'creature'|'https://cdn.keyforgegame.com/media/card_front/en/341_97_RM5XHC9QXGC5_en.png'
98|'098'|'call of the archons'|'dis'|'u'|'stealer of souls'|'creature'|'https://cdn.keyforgegame.com/media/card_front/en/341_98_JJGJFX44Q6GF_en.png'
99|'099'|'call of the archons'|'dis'|'c'|'succubus'|'creature'|'https://cdn.keyforgegame.com/media/card_front/en/341_99_C63GPXC7XM83_en.png'
100|'100'|'call of the archons'|'dis'|'u'|'tentacus'|'creature'|'https://cdn.keyforgegame.com/media/card_front/en/341_100_WQWQX27FH7M2_en.png'
101|'101'|'call of the archons'|'dis'|'c'|'the terror'|'creature'|'https://cdn.keyforgegame.com/media/card_front/en/341_101_9W755VJWMG92_en.png'
102|'102'|'call of the archons'|'dis'|'c'|'tocsin'|'creature'|'https://cdn.keyforgegame.com/media/card_front/en/341_102_CG7PMM7PJ3G6_en.png'
103|'103'|'call of the archons'|'dis'|'r'|'tolas'|'creature'|'https://cdn.keyforgegame.com/media/card_front/en/341_103_PMC43W3QPFW4_en.png'
104|'104'|'call of the archons'|'dis'|'r'|'truebaru'|'creature'|'https://cdn.keyforgegame.com/media/card_front/en/341_104_VCQ8F8XMQJCH_en.png'
105|'105'|'call of the archons'|'dis'|'r'|'collar of subordination'|'upgrade'|'https://cdn.keyforgegame.com/media/card_front/en/341_105_Q3C3948M2HPH_en.png'
106|'106'|'call of the archons'|'dis'|'u'|'flame-wreathed'|'upgrade'|'https://cdn.keyforgegame.com/media/card_front/en/341_106_4G49CMC5XCX4_en.png'
107|'107'|'call of the archons'|'logos'|'u'|'bouncing deathquark'|'action'|'https://cdn.keyforgegame.com/media/card_front/en/341_107_X3G2GX9QW86R_en.png'
108|'108'|'call of the archons'|'logos'|'u'|'dimension door'|'action'|'https://cdn.keyforgegame.com/media/card_front/en/341_108_XHW22F7FH9FM_en.png'
109|'109'|'call of the archons'|'logos'|'c'|'effervescent principle'|'action'|'https://cdn.keyforgegame.com/media/card_front/en/341_109_9382CVHW3F7H_en.png'
110|'110'|'call of the archons'|'logos'|'c'|'foggify'|'action'|'https://cdn.keyforgegame.com/media/card_front/en/341_110_4W42XPXRVP7V_en.png'
111|'111'|'call of the archons'|'logos'|'fixed'|'help from future self'|'action'|'https://cdn.keyforgegame.com/media/card_front/en/341_111_5WMP36R2MHF_en.png'
112|'112'|'call of the archons'|'logos'|'u'|'interdimensional graft'|'action'|'https://cdn.keyforgegame.com/media/card_front/en/341_112_VWRCJXGG9J99_en.png'
113|'113'|'call of the archons'|'logos'|'r'|'knowledge is power'|'action'|'https://cdn.keyforgegame.com/media/card_front/en/341_113_9V5G7WCPW27X_en.png'
114|'114'|'call of the archons'|'logos'|'c'|'labwork'|'action'|'https://cdn.keyforgegame.com/media/card_front/en/341_114_X6V5QX33Q589_en.png'
115|'115'|'call of the archons'|'logos'|'c'|'library access'|'action'|'https://cdn.keyforgegame.com/media/card_front/en/341_115_4J2C745JC5V2_en.png'
116|'116'|'call of the archons'|'logos'|'u'|'neuro syphon'|'action'|'https://cdn.keyforgegame.com/media/card_front/en/341_116_CW34G484FFRV_en.png'
117|'117'|'call of the archons'|'logos'|'c'|'phase shift'|'action'|'https://cdn.keyforgegame.com/media/card_front/en/341_117_HP2M3PV8GPJ7_en.png'
118|'118'|'call of the archons'|'logos'|'u'|'positron bolt'|'action'|'https://cdn.keyforgegame.com/media/card_front/en/341_118_9RQFX349V37W_en.png'
119|'119'|'call of the archons'|'logos'|'r'|'random access archives'|'action'|'https://cdn.keyforgegame.com/media/card_front/en/341_119_5J4359XWQQ74_en.png'
120|'120'|'call of the archons'|'logos'|'u'|'remote access'|'action'|'https://cdn.keyforgegame.com/media/card_front/en/341_120_V59VPJJ255WQ_en.png'
121|'121'|'call of the archons'|'logos'|'r'|'reverse time'|'action'|'https://cdn.keyforgegame.com/media/card_front/en/341_121_CXQ8C95R8C87_en.png'
122|'122'|'call of the archons'|'logos'|'u'|'scrambler storm'|'action'|'https://cdn.keyforgegame.com/media/card_front/en/341_122_HRQG3433R5R4_en.png'
123|'123'|'call of the archons'|'logos'|'u'|'sloppy labwork'|'action'|'https://cdn.keyforgegame.com/media/card_front/en/341_123_R3C97J8JMPRV_en.png'
124|'124'|'call of the archons'|'logos'|'c'|'twin bolt emission'|'action'|'https://cdn.keyforgegame.com/media/card_front/en/341_124_636R5683G3F_en.png'
125|'125'|'call of the archons'|'logos'|'c'|'wild wormhole'|'action'|'https://cdn.keyforgegame.com/media/card_front/en/341_125_H2RWQ5VF7V7_en.png'
126|'126'|'call of the archons'|'logos'|'u'|'anomaly exploiter'|'artifact'|'https://cdn.keyforgegame.com/media/card_front/en/341_126_F66C7VF2HR8Q_en.png'
127|'127'|'call of the archons'|'logos'|'r'|'chaos portal'|'artifact'|'https://cdn.keyforgegame.com/media/card_front/en/341_127_R2424CG64G8M_en.png'
128|'128'|'call of the archons'|'logos'|'r'|'crazy killing machine'|'artifact'|'https://cdn.keyforgegame.com/media/card_front/en/341_128_8VF3XM5JM75C_en.png'
129|'129'|'call of the archons'|'logos'|'c'|'library of babble'|'artifact'|'https://cdn.keyforgegame.com/media/card_front/en/341_129_WR7JW9MF9F2R_en.png'
130|'130'|'call of the archons'|'logos'|'r'|'mobius scroll'|'artifact'|'https://cdn.keyforgegame.com/media/card_front/en/341_130_JRGHQ4HQ5QHC_en.png'
131|'131'|'call of the archons'|'logos'|'r'|'pocket universe'|'artifact'|'https://cdn.keyforgegame.com/media/card_front/en/341_131_Q67W5PMV8768_en.png'
132|'132'|'call of the archons'|'logos'|'r'|'spangler box'|'artifact'|'https://cdn.keyforgegame.com/media/card_front/en/341_132_XQ93M42M9FR5_en.png'
133|'133'|'call of the archons'|'logos'|'u'|'spectral tunneler'|'artifact'|'https://cdn.keyforgegame.com/media/card_front/en/341_133_FJGQFR6XJPHQ_en.png'
134|'134'|'call of the archons'|'logos'|'r'|'strange gizmo'|'artifact'|'https://cdn.keyforgegame.com/media/card_front/en/341_134_J3JWR285J2M3_en.png'
135|'135'|'call of the archons'|'logos'|'r'|'the howling pit'|'artifact'|'https://cdn.keyforgegame.com/media/card_front/en/341_135_GVHX66578HV5_en.png'
136|'136'|'call of the archons'|'logos'|'c'|'batdrone'|'creature'|'https://cdn.keyforgegame.com/media/card_front/en/341_136_82MF23JH58M3_en.png'
137|'137'|'call of the archons'|'logos'|'u'|'brain eater'|'creature'|'https://cdn.keyforgegame.com/media/card_front/en/341_137_F8PFV5JC764_en.png'
138|'138'|'call of the archons'|'logos'|'c'|'dextre'|'creature'|'https://cdn.keyforgegame.com/media/card_front/en/341_138_WVWFRR3PMG3H_en.png'
139|'139'|'call of the archons'|'logos'|'c'|'doc bookton'|'creature'|'https://cdn.keyforgegame.com/media/card_front/en/341_139_678M74P9FW66_en.png'
140|'140'|'call of the archons'|'logos'|'c'|'dr. escotera'|'creature'|'https://cdn.keyforgegame.com/media/card_front/en/341_140_GGR9WQGX52CC_en.png'
141|'141'|'call of the archons'|'logos'|'r'|'dysania'|'creature'|'https://cdn.keyforgegame.com/media/card_front/en/341_141_MMQJWC7Q6V3_en.png'
142|'142'|'call of the archons'|'logos'|'c'|'ganymede archivist'|'creature'|'https://cdn.keyforgegame.com/media/card_front/en/341_142_9RC9J993WM9F_en.png'
143|'143'|'call of the archons'|'logos'|'r'|'harland mindlock'|'creature'|'https://cdn.keyforgegame.com/media/card_front/en/341_143_G7C9MP3P4VX2_en.png'
144|'144'|'call of the archons'|'logos'|'c'|'quixo the adventurer'|'creature'|'https://cdn.keyforgegame.com/media/card_front/en/341_144_7XJ66GGGX9P3_en.png'
145|'145'|'call of the archons'|'logos'|'c'|'mother'|'creature'|'https://cdn.keyforgegame.com/media/card_front/en/341_145_65HF32HQGF2G_en.png'
146|'146'|'call of the archons'|'logos'|'r'|'neutron shark'|'creature'|'https://cdn.keyforgegame.com/media/card_front/en/341_146_92H2X974PG8Q_en.png'
147|'147'|'call of the archons'|'logos'|'u'|'novu archaeologist'|'creature'|'https://cdn.keyforgegame.com/media/card_front/en/341_147_X27M5CQW494F_en.png'
148|'148'|'call of the archons'|'logos'|'r'|'ozmo, martianologist'|'creature'|'https://cdn.keyforgegame.com/media/card_front/en/341_148_R25C9WHJ9V29_en.png'
149|'149'|'call of the archons'|'logos'|'r'|'psychic bug'|'creature'|'https://cdn.keyforgegame.com/media/card_front/en/341_149_GW4755VJMRRP_en.png'
150|'150'|'call of the archons'|'logos'|'r'|'replicator'|'creature'|'https://cdn.keyforgegame.com/media/card_front/en/341_150_8QGJM4R2RQQW_en.png'
151|'151'|'call of the archons'|'logos'|'u'|'research smoko'|'creature'|'https://cdn.keyforgegame.com/media/card_front/en/341_151_XC9823CQ2V92_en.png'
152|'152'|'call of the archons'|'logos'|'r'|'skippy timehog'|'creature'|'https://cdn.keyforgegame.com/media/card_front/en/341_152_3PXCFH529CPG_en.png'
153|'153'|'call of the archons'|'logos'|'r'|'timetraveller'|'creature'|'https://cdn.keyforgegame.com/media/card_front/en/341_153_X83CX7XJ5GRX_en.png'
154|'154'|'call of the archons'|'logos'|'c'|'titan mechanic'|'creature'|'https://cdn.keyforgegame.com/media/card_front/en/341_154_M7WH2HV6J2FX_en.png'
155|'155'|'call of the archons'|'logos'|'r'|'vespilon theorist'|'creature'|'https://cdn.keyforgegame.com/media/card_front/en/341_155_4XJVMF643M6C_en.png'
156|'156'|'call of the archons'|'logos'|'u'|'veylan analyst'|'creature'|'https://cdn.keyforgegame.com/media/card_front/en/341_156_4F6VP56RFQQ5_en.png'
157|'157'|'call of the archons'|'logos'|'u'|'experimental therapy'|'upgrade'|'https://cdn.keyforgegame.com/media/card_front/en/341_157_4FCPWQMVGPC_en.png'
158|'158'|'call of the archons'|'logos'|'u'|'rocket boots'|'upgrade'|'https://cdn.keyforgegame.com/media/card_front/en/341_158_WMW7JV5QGXW6_en.png'
159|'159'|'call of the archons'|'logos'|'r'|'transposition sandals'|'upgrade'|'https://cdn.keyforgegame.com/media/card_front/en/341_159_RQ6V4VP7WP2P_en.png'
160|'160'|'call of the archons'|'mars'|'c'|'ammonia clouds'|'action'|'https://cdn.keyforgegame.com/media/card_front/en/341_160_VQMVCX37C6XQ_en.png'
161|'161'|'call of the archons'|'mars'|'u'|'battle fleet'|'action'|'https://cdn.keyforgegame.com/media/card_front/en/341_161_FPHCPHPMX8W8_en.png'
162|'162'|'call of the archons'|'mars'|'u'|'deep probe'|'action'|'https://cdn.keyforgegame.com/media/card_front/en/341_162_J3M2V5CXFJ4W_en.png'
163|'163'|'call of the archons'|'mars'|'u'|'emp blast'|'action'|'https://cdn.keyforgegame.com/media/card_front/en/341_163_HWF789XR9CMR_en.png'
164|'164'|'call of the archons'|'mars'|'r'|'hypnotic command'|'action'|'https://cdn.keyforgegame.com/media/card_front/en/341_164_QCCQ9VXCQH7X_en.png'
165|'165'|'call of the archons'|'mars'|'r'|'irradiated æmber'|'action'|'https://cdn.keyforgegame.com/media/card_front/en/341_165_V5XGG2973F82_en.png'
166|'166'|'call of the archons'|'mars'|'u'|'key abduction'|'action'|'https://cdn.keyforgegame.com/media/card_front/en/341_166_FC5W5F2668JC_en.png'
167|'167'|'call of the archons'|'mars'|'r'|'martian hounds'|'action'|'https://cdn.keyforgegame.com/media/card_front/en/341_167_3M79PQ4XJ4W2_en.png'
168|'168'|'call of the archons'|'mars'|'r'|'martians make bad allies'|'action'|'https://cdn.keyforgegame.com/media/card_front/en/341_168_QMP27WWQ4X3X_en.png'
169|'169'|'call of the archons'|'mars'|'r'|'mass abduction'|'action'|'https://cdn.keyforgegame.com/media/card_front/en/341_169_V74WF7V4MC37_en.png'
170|'170'|'call of the archons'|'mars'|'r'|'mating season'|'action'|'https://cdn.keyforgegame.com/media/card_front/en/341_170_6C5MPJVJ5G9R_en.png'
171|'171'|'call of the archons'|'mars'|'u'|'mothership support'|'action'|'https://cdn.keyforgegame.com/media/card_front/en/341_171_C9HXR9JCPGP9_en.png'
172|'172'|'call of the archons'|'mars'|'u'|'orbital bombardment'|'action'|'https://cdn.keyforgegame.com/media/card_front/en/341_172_4CX23PH9H69J_en.png'
173|'173'|'call of the archons'|'mars'|'c'|'phosphorus stars'|'action'|'https://cdn.keyforgegame.com/media/card_front/en/341_173_H5C875HQR3RC_en.png'
174|'174'|'call of the archons'|'mars'|'u'|'psychic network'|'action'|'https://cdn.keyforgegame.com/media/card_front/en/341_174_Q59H8QWGHQCR_en.png'
175|'175'|'call of the archons'|'mars'|'u'|'sample collection'|'action'|'https://cdn.keyforgegame.com/media/card_front/en/341_175_6FF5HPJG5FFV_en.png'
176|'176'|'call of the archons'|'mars'|'r'|'shatter storm'|'action'|'https://cdn.keyforgegame.com/media/card_front/en/341_176_8PCPFPFV9CQC_en.png'
177|'177'|'call of the archons'|'mars'|'c'|'soft landing'|'action'|'https://cdn.keyforgegame.com/media/card_front/en/341_177_F3R3FCFQQQG8_en.png'
178|'178'|'call of the archons'|'mars'|'c'|'squawker'|'action'|'https://cdn.keyforgegame.com/media/card_front/en/341_178_7J9MG8W9F6GM_en.png'
179|'179'|'call of the archons'|'mars'|'r'|'total recall'|'action'|'https://cdn.keyforgegame.com/media/card_front/en/341_179_69V9P82V8QCF_en.png'
180|'180'|'call of the archons'|'mars'|'u'|'combat pheromones'|'artifact'|'https://cdn.keyforgegame.com/media/card_front/en/341_180_HQXG9V9X249X_en.png'
181|'181'|'call of the archons'|'mars'|'r'|'commpod'|'artifact'|'https://cdn.keyforgegame.com/media/card_front/en/341_181_MXX6XH3QQRCV_en.png'
182|'182'|'call of the archons'|'mars'|'u'|'crystal hive'|'artifact'|'https://cdn.keyforgegame.com/media/card_front/en/341_182_QC7VW6G544RQ_en.png'
183|'183'|'call of the archons'|'mars'|'r'|'custom virus'|'artifact'|'https://cdn.keyforgegame.com/media/card_front/en/341_183_3G89HPF6R2GX_en.png'
184|'184'|'call of the archons'|'mars'|'r'|'feeding pit'|'artifact'|'https://cdn.keyforgegame.com/media/card_front/en/341_184_8MM9F8HJV6HG_en.png'
185|'185'|'call of the archons'|'mars'|'r'|'invasion portal'|'artifact'|'https://cdn.keyforgegame.com/media/card_front/en/341_185_6C5RX4PMJ5R2_en.png'
186|'186'|'call of the archons'|'mars'|'r'|'incubation chamber'|'artifact'|'https://cdn.keyforgegame.com/media/card_front/en/341_186_PRG4HJPG6GX8_en.png'
187|'187'|'call of the archons'|'mars'|'c'|'mothergun'|'artifact'|'https://cdn.keyforgegame.com/media/card_front/en/341_187_886VP3RR6C5F_en.png'
188|'188'|'call of the archons'|'mars'|'r'|'sniffer'|'artifact'|'https://cdn.keyforgegame.com/media/card_front/en/341_188_JXXCR37F52MR_en.png'
189|'189'|'call of the archons'|'mars'|'r'|'swap widget'|'artifact'|'https://cdn.keyforgegame.com/media/card_front/en/341_189_Q8749GRQ2RRW_en.png'
190|'190'|'call of the archons'|'mars'|'u'|'blypyp'|'creature'|'https://cdn.keyforgegame.com/media/card_front/en/341_190_8XHXRR6J7CH2_en.png'
191|'191'|'call of the archons'|'mars'|'r'|'chuff ape'|'creature'|'https://cdn.keyforgegame.com/media/card_front/en/341_191_MMMC6JPJ4H5P_en.png'
192|'192'|'call of the archons'|'mars'|'u'|'ether spider'|'creature'|'https://cdn.keyforgegame.com/media/card_front/en/341_192_P52JHFXR9X8X_en.png'
193|'193'|'call of the archons'|'mars'|'c'|'grabber jammer'|'creature'|'https://cdn.keyforgegame.com/media/card_front/en/341_193_PXQ9229CMHHP_en.png'
194|'194'|'call of the archons'|'mars'|'r'|'grommid'|'creature'|'https://cdn.keyforgegame.com/media/card_front/en/341_194_J7HVR74PWP6W_en.png'
195|'195'|'call of the archons'|'mars'|'c'|'john smyth'|'creature'|'https://cdn.keyforgegame.com/media/card_front/en/341_195_8VX38X5J32VV_en.png'
196|'196'|'call of the archons'|'mars'|'c'|'mindwarper'|'creature'|'https://cdn.keyforgegame.com/media/card_front/en/341_196_QG3353H2HJFM_en.png'
197|'197'|'call of the archons'|'mars'|'r'|'phylyx the disintegrator'|'creature'|'https://cdn.keyforgegame.com/media/card_front/en/341_197_C637CW23C7M7_en.png'
198|'198'|'call of the archons'|'mars'|'r'|'qyxxlyx plague master'|'creature'|'https://cdn.keyforgegame.com/media/card_front/en/341_198_4QXQJ939VVQM_en.png'
199|'199'|'call of the archons'|'mars'|'c'|'tunk'|'creature'|'https://cdn.keyforgegame.com/media/card_front/en/341_199_FW92QH6WPGCW_en.png'
200|'200'|'call of the archons'|'mars'|'c'|'ulyq megamouth'|'creature'|'https://cdn.keyforgegame.com/media/card_front/en/341_200_CM3V8FW8C2PG_en.png'
201|'201'|'call of the archons'|'mars'|'u'|'uxlyx the zookeeper'|'creature'|'https://cdn.keyforgegame.com/media/card_front/en/341_201_69W23Q88QWW4_en.png'
202|'202'|'call of the archons'|'mars'|'c'|'vezyma thinkdrone'|'creature'|'https://cdn.keyforgegame.com/media/card_front/en/341_202_99C5PXMWC2M7_en.png'
203|'203'|'call of the archons'|'mars'|'c'|'yxili marauder'|'creature'|'https://cdn.keyforgegame.com/media/card_front/en/341_203_8JJ739HGPCPC_en.png'
204|'204'|'call of the archons'|'mars'|'c'|'yxilo bolter'|'creature'|'https://cdn.keyforgegame.com/media/card_front/en/341_204_H9HQ5F59FJQX_en.png'
205|'205'|'call of the archons'|'mars'|'c'|'yxilx dominator'|'creature'|'https://cdn.keyforgegame.com/media/card_front/en/341_205_GPCHG3XCV2MV_en.png'
206|'206'|'call of the archons'|'mars'|'u'|'zorg'|'creature'|'https://cdn.keyforgegame.com/media/card_front/en/341_206_4XXWX9CP9XGJ_en.png'
207|'207'|'call of the archons'|'mars'|'c'|'zyzzix the many'|'creature'|'https://cdn.keyforgegame.com/media/card_front/en/341_207_C938GRH2C993_en.png'
208|'208'|'call of the archons'|'mars'|'c'|'biomatrix backup'|'upgrade'|'https://cdn.keyforgegame.com/media/card_front/en/341_208_77VHC8FXXP27_en.png'
209|'209'|'call of the archons'|'mars'|'r'|'brain stem antenna'|'upgrade'|'https://cdn.keyforgegame.com/media/card_front/en/341_209_JHRJCP7RMVH2_en.png'
210|'210'|'call of the archons'|'mars'|'u'|'jammer pack'|'upgrade'|'https://cdn.keyforgegame.com/media/card_front/en/341_210_HCXQ277C22FW_en.png'
211|'211'|'call of the archons'|'mars'|'u'|'red planet ray gun'|'upgrade'|'https://cdn.keyforgegame.com/media/card_front/en/341_211_PQFJWQ3VVVGJ_en.png'
212|'212'|'call of the archons'|'sanctum'|'r'|'begone!'|'action'|'https://cdn.keyforgegame.com/media/card_front/en/341_212_W36G9HXF9RQ7_en.png'
213|'213'|'call of the archons'|'sanctum'|'c'|'blinding light'|'action'|'https://cdn.keyforgegame.com/media/card_front/en/341_213_P3Q4X37QMP7V_en.png'
214|'214'|'call of the archons'|'sanctum'|'r'|'charge!'|'action'|'https://cdn.keyforgegame.com/media/card_front/en/341_214_X3RQF994MG6R_en.png'
215|'215'|'call of the archons'|'sanctum'|'c'|'cleansing wave'|'action'|'https://cdn.keyforgegame.com/media/card_front/en/341_215_RFRWH2MX953_en.png'
216|'216'|'call of the archons'|'sanctum'|'r'|'clear mind'|'action'|'https://cdn.keyforgegame.com/media/card_front/en/341_216_4CVXQJV2QG3P_en.png'
217|'217'|'call of the archons'|'sanctum'|'u'|'doorstep to heaven'|'action'|'https://cdn.keyforgegame.com/media/card_front/en/341_217_RWHMP875732G_en.png'
218|'218'|'call of the archons'|'sanctum'|'u'|'glorious few'|'action'|'https://cdn.keyforgegame.com/media/card_front/en/341_218_63PVJ7PJP3GP_en.png'
219|'219'|'call of the archons'|'sanctum'|'r'|'honorable claim'|'action'|'https://cdn.keyforgegame.com/media/card_front/en/341_219_P9V3P7F8849M_en.png'
220|'220'|'call of the archons'|'sanctum'|'c'|'inspiration'|'action'|'https://cdn.keyforgegame.com/media/card_front/en/341_220_J4PRQX77RXV8_en.png'
221|'221'|'call of the archons'|'sanctum'|'r'|'mighty lance'|'action'|'https://cdn.keyforgegame.com/media/card_front/en/341_221_GHP2MR29293_en.png'
222|'222'|'call of the archons'|'sanctum'|'r'|'oath of poverty'|'action'|'https://cdn.keyforgegame.com/media/card_front/en/341_222_QR5CWH4G69H3_en.png'
223|'223'|'call of the archons'|'sanctum'|'r'|'one stood against many'|'action'|'https://cdn.keyforgegame.com/media/card_front/en/341_223_PHQJHJ4P73J2_en.png'
224|'224'|'call of the archons'|'sanctum'|'u'|'radiant truth'|'action'|'https://cdn.keyforgegame.com/media/card_front/en/341_224_J975CJ57VPP9_en.png'
225|'225'|'call of the archons'|'sanctum'|'c'|'shield of justice'|'action'|'https://cdn.keyforgegame.com/media/card_front/en/341_225_8WXGHPQGX9V_en.png'
226|'226'|'call of the archons'|'sanctum'|'c'|'take hostages'|'action'|'https://cdn.keyforgegame.com/media/card_front/en/341_226_VMCJ79WHJVR2_en.png'
227|'227'|'call of the archons'|'sanctum'|'c'|'terms of redress'|'action'|'https://cdn.keyforgegame.com/media/card_front/en/341_227_VC53Q7XQ4C33_en.png'
228|'228'|'call of the archons'|'sanctum'|'u'|'the harder they come'|'action'|'https://cdn.keyforgegame.com/media/card_front/en/341_228_JQM953FW234C_en.png'
229|'229'|'call of the archons'|'sanctum'|'u'|'the spirits way'|'action'|'https://cdn.keyforgegame.com/media/card_front/en/341_229_J233WVWH3WPR_en.png'
230|'230'|'call of the archons'|'sanctum'|'u'|'virtuous works'|'action'|'https://cdn.keyforgegame.com/media/card_front/en/341_230_848RC8PR567J_en.png'
231|'231'|'call of the archons'|'sanctum'|'r'|'epic quest'|'artifact'|'https://cdn.keyforgegame.com/media/card_front/en/341_231_9CW6R752CCQG_en.png'
232|'232'|'call of the archons'|'sanctum'|'u'|'gorm of omm'|'artifact'|'https://cdn.keyforgegame.com/media/card_front/en/341_232_9XQ8F9638GX2_en.png'
233|'233'|'call of the archons'|'sanctum'|'c'|'hallowed blaster'|'artifact'|'https://cdn.keyforgegame.com/media/card_front/en/341_233_V3CVPF24W8MR_en.png'
234|'234'|'call of the archons'|'sanctum'|'u'|'potion of invulnerability'|'artifact'|'https://cdn.keyforgegame.com/media/card_front/en/341_234_RJ99C8H7PWJH_en.png'
235|'235'|'call of the archons'|'sanctum'|'r'|'round table'|'artifact'|'https://cdn.keyforgegame.com/media/card_front/en/341_235_MJMGJPH3545P_en.png'
236|'236'|'call of the archons'|'sanctum'|'u'|'sigil of brotherhood'|'artifact'|'https://cdn.keyforgegame.com/media/card_front/en/341_236_VWG6GMX929C6_en.png'
237|'237'|'call of the archons'|'sanctum'|'u'|'whispering reliquary'|'artifact'|'https://cdn.keyforgegame.com/media/card_front/en/341_237_MMHF7CR6FMJ2_en.png'
238|'238'|'call of the archons'|'sanctum'|'c'|'bulwark'|'creature'|'https://cdn.keyforgegame.com/media/card_front/en/341_238_4GJR4VPM7M26_en.png'
239|'239'|'call of the archons'|'sanctum'|'c'|'champion anaphiel'|'creature'|'https://cdn.keyforgegame.com/media/card_front/en/341_239_FR9V84W6X65C_en.png'
240|'240'|'call of the archons'|'sanctum'|'u'|'champion tabris'|'creature'|'https://cdn.keyforgegame.com/media/card_front/en/341_240_C7P8FX9FVPXV_en.png'
241|'241'|'call of the archons'|'sanctum'|'c'|'commander remiel'|'creature'|'https://cdn.keyforgegame.com/media/card_front/en/341_241_C472V3C68C9_en.png'
242|'242'|'call of the archons'|'sanctum'|'r'|'duma the martyr'|'creature'|'https://cdn.keyforgegame.com/media/card_front/en/341_242_8X9FFJ5RC99F_en.png'
243|'243'|'call of the archons'|'sanctum'|'u'|'francus'|'creature'|'https://cdn.keyforgegame.com/media/card_front/en/341_243_PFW5PH796X2W_en.png'
244|'244'|'call of the archons'|'sanctum'|'u'|'grey monk'|'creature'|'https://cdn.keyforgegame.com/media/card_front/en/341_244_4V54R77GCW9M_en.png'
245|'245'|'call of the archons'|'sanctum'|'r'|'hayyel the merchant'|'creature'|'https://cdn.keyforgegame.com/media/card_front/en/341_245_7MHFM8Q84QMX_en.png'
246|'246'|'call of the archons'|'sanctum'|'fixed'|'horseman of death'|'creature'|'https://cdn.keyforgegame.com/media/card_front/en/341_246_JJM8J2JQ288W_en.png'
247|'247'|'call of the archons'|'sanctum'|'fixed'|'horseman of famine'|'creature'|'https://cdn.keyforgegame.com/media/card_front/en/341_247_H927W8WQRH5X_en.png'
248|'248'|'call of the archons'|'sanctum'|'r'|'horseman of pestilence'|'creature'|'https://cdn.keyforgegame.com/media/card_front/en/341_248_RQV5MQVG4FWV_en.png'
249|'249'|'call of the archons'|'sanctum'|'fixed'|'horseman of war'|'creature'|'https://cdn.keyforgegame.com/media/card_front/en/341_249_8MXMCQ93R9CJ_en.png'
250|'250'|'call of the archons'|'sanctum'|'r'|'jehu the bureaucrat'|'creature'|'https://cdn.keyforgegame.com/media/card_front/en/341_250_XMP7GGP9HP57_en.png'
251|'251'|'call of the archons'|'sanctum'|'u'|'lady maxena'|'creature'|'https://cdn.keyforgegame.com/media/card_front/en/341_251_P4MXH8G4VPX4_en.png'
252|'252'|'call of the archons'|'sanctum'|'r'|'lord golgotha'|'creature'|'https://cdn.keyforgegame.com/media/card_front/en/341_252_VXMWR7MR5CW9_en.png'
253|'253'|'call of the archons'|'sanctum'|'r'|'numquid the fair'|'creature'|'https://cdn.keyforgegame.com/media/card_front/en/341_253_3G85FMW7C6QH_en.png'
254|'254'|'call of the archons'|'sanctum'|'c'|'protectrix'|'creature'|'https://cdn.keyforgegame.com/media/card_front/en/341_254_W9QVJ9XWF94R_en.png'
255|'255'|'call of the archons'|'sanctum'|'c'|'raiding knight'|'creature'|'https://cdn.keyforgegame.com/media/card_front/en/341_255_HX7GPH8C78C2_en.png'
256|'256'|'call of the archons'|'sanctum'|'r'|'sanctum guardian'|'creature'|'https://cdn.keyforgegame.com/media/card_front/en/341_256_43Q78X6H273_en.png'
257|'257'|'call of the archons'|'sanctum'|'c'|'sequis'|'creature'|'https://cdn.keyforgegame.com/media/card_front/en/341_257_WC74XH7M2MJW_en.png'
258|'258'|'call of the archons'|'sanctum'|'c'|'sergeant zakiel'|'creature'|'https://cdn.keyforgegame.com/media/card_front/en/341_258_96FR2MX3FJWF_en.png'
259|'259'|'call of the archons'|'sanctum'|'c'|'staunch knight'|'creature'|'https://cdn.keyforgegame.com/media/card_front/en/341_259_F6VVWM6QHCRR_en.png'
260|'260'|'call of the archons'|'sanctum'|'u'|'gatekeeper'|'creature'|'https://cdn.keyforgegame.com/media/card_front/en/341_260_MJV7XGGFVMQC_en.png'
261|'261'|'call of the archons'|'sanctum'|'r'|'the vaultkeeper'|'creature'|'https://cdn.keyforgegame.com/media/card_front/en/341_261_GRHXCM2HH6W2_en.png'
262|'262'|'call of the archons'|'sanctum'|'r'|'veemos lightbringer'|'creature'|'https://cdn.keyforgegame.com/media/card_front/en/341_262_VP65GQXWR45X_en.png'
263|'263'|'call of the archons'|'sanctum'|'r'|'armageddon cloak'|'upgrade'|'https://cdn.keyforgegame.com/media/card_front/en/341_263_8WXW4FJ283XW_en.png'
264|'264'|'call of the archons'|'sanctum'|'r'|'mantle of the zealot'|'upgrade'|'https://cdn.keyforgegame.com/media/card_front/en/341_264_JQ9XCRRXC36G_en.png'
265|'265'|'call of the archons'|'sanctum'|'c'|'protect the weak'|'upgrade'|'https://cdn.keyforgegame.com/media/card_front/en/341_265_36392V5F286G_en.png'
266|'266'|'call of the archons'|'sanctum'|'u'|'shoulder armor'|'upgrade'|'https://cdn.keyforgegame.com/media/card_front/en/341_266_F6GMMXCFJ9PC_en.png'
267|'267'|'call of the archons'|'shadows'|'c'|'bait and switch'|'action'|'https://cdn.keyforgegame.com/media/card_front/en/341_267_VHQ67J5MWQV5_en.png'
268|'268'|'call of the archons'|'shadows'|'u'|'booby trap'|'action'|'https://cdn.keyforgegame.com/media/card_front/en/341_268_6P3M73RFGR8W_en.png'
269|'269'|'call of the archons'|'shadows'|'r'|'finishing blow'|'action'|'https://cdn.keyforgegame.com/media/card_front/en/341_269_V557QC8HH5C9_en.png'
270|'270'|'call of the archons'|'shadows'|'c'|'ghostly hand'|'action'|'https://cdn.keyforgegame.com/media/card_front/en/341_270_5MJXHHP7VWWG_en.png'
271|'271'|'call of the archons'|'shadows'|'u'|'hidden stash'|'action'|'https://cdn.keyforgegame.com/media/card_front/en/341_271_3CCM38JM8932_en.png'
272|'272'|'call of the archons'|'shadows'|'r'|'imperial traitor'|'action'|'https://cdn.keyforgegame.com/media/card_front/en/341_272_9W52QM6RM94X_en.png'
273|'273'|'call of the archons'|'shadows'|'r'|'key of darkness'|'action'|'https://cdn.keyforgegame.com/media/card_front/en/341_273_VHRR6QWG3C3_en.png'
274|'274'|'call of the archons'|'shadows'|'u'|'lights out'|'action'|'https://cdn.keyforgegame.com/media/card_front/en/341_274_P4W2FF886X6V_en.png'
275|'275'|'call of the archons'|'shadows'|'c'|'miasma'|'action'|'https://cdn.keyforgegame.com/media/card_front/en/341_275_5HGPVQG4QF5H_en.png'
276|'276'|'call of the archons'|'shadows'|'c'|'nerve blast'|'action'|'https://cdn.keyforgegame.com/media/card_front/en/341_276_833RV7MVFCH8_en.png'
277|'277'|'call of the archons'|'shadows'|'r'|'one last job'|'action'|'https://cdn.keyforgegame.com/media/card_front/en/341_277_HGVF3P4J7PVJ_en.png'
278|'278'|'call of the archons'|'shadows'|'u'|'oubliette'|'action'|'https://cdn.keyforgegame.com/media/card_front/en/341_278_Q96GRFMV34CP_en.png'
279|'279'|'call of the archons'|'shadows'|'c'|'pawn sacrifice'|'action'|'https://cdn.keyforgegame.com/media/card_front/en/341_279_RJJJ2R3P5FHC_en.png'
280|'280'|'call of the archons'|'shadows'|'c'|'poison wave'|'action'|'https://cdn.keyforgegame.com/media/card_front/en/341_280_3W4H8F78V4FG_en.png'
281|'281'|'call of the archons'|'shadows'|'c'|'relentless whispers'|'action'|'https://cdn.keyforgegame.com/media/card_front/en/341_281_MPVFFW3882CJ_en.png'
282|'282'|'call of the archons'|'shadows'|'r'|'routine job'|'action'|'https://cdn.keyforgegame.com/media/card_front/en/341_282_4F97HV2RJ9FC_en.png'
283|'283'|'call of the archons'|'shadows'|'u'|'too much to protect'|'action'|'https://cdn.keyforgegame.com/media/card_front/en/341_283_J93HJ73F4PMQ_en.png'
284|'284'|'call of the archons'|'shadows'|'r'|'treasure map'|'action'|'https://cdn.keyforgegame.com/media/card_front/en/341_284_Q7HHRF75F97J_en.png'
285|'285'|'call of the archons'|'shadows'|'r'|'customs office'|'artifact'|'https://cdn.keyforgegame.com/media/card_front/en/341_285_C7MWV8WQ4QPG_en.png'
286|'286'|'call of the archons'|'shadows'|'r'|'evasion sigil'|'artifact'|'https://cdn.keyforgegame.com/media/card_front/en/341_286_4686MGRJ87QX_en.png'
287|'287'|'call of the archons'|'shadows'|'r'|'longfused mines'|'artifact'|'https://cdn.keyforgegame.com/media/card_front/en/341_287_H6CGFG593XMM_en.png'
288|'288'|'call of the archons'|'shadows'|'r'|'masterplan'|'artifact'|'https://cdn.keyforgegame.com/media/card_front/en/341_288_8FJVHVWFWC4P_en.png'
289|'289'|'call of the archons'|'shadows'|'r'|'safe place'|'artifact'|'https://cdn.keyforgegame.com/media/card_front/en/341_289_88GPJGFV248G_en.png'
290|'290'|'call of the archons'|'shadows'|'c'|'seeker needle'|'artifact'|'https://cdn.keyforgegame.com/media/card_front/en/341_290_PQP9MHRG7W4H_en.png'
291|'291'|'call of the archons'|'shadows'|'u'|'skeleton key'|'artifact'|'https://cdn.keyforgegame.com/media/card_front/en/341_291_7FCVJGVJQF96_en.png'
292|'292'|'call of the archons'|'shadows'|'u'|'special delivery'|'artifact'|'https://cdn.keyforgegame.com/media/card_front/en/341_292_C98PWPG7H4FC_en.png'
293|'293'|'call of the archons'|'shadows'|'u'|'speed sigil'|'artifact'|'https://cdn.keyforgegame.com/media/card_front/en/341_293_6Q53JFFFWX8F_en.png'
294|'294'|'call of the archons'|'shadows'|'u'|'subtle maul'|'artifact'|'https://cdn.keyforgegame.com/media/card_front/en/341_294_VJXHQQVX3C86_en.png'
295|'295'|'call of the archons'|'shadows'|'r'|'the sting'|'artifact'|'https://cdn.keyforgegame.com/media/card_front/en/341_295_45HVFWG7RMPF_en.png'
296|'296'|'call of the archons'|'shadows'|'c'|'bad penny'|'creature'|'https://cdn.keyforgegame.com/media/card_front/en/341_296_QF774F23G6MR_en.png'
297|'297'|'call of the archons'|'shadows'|'r'|'bulleteye'|'creature'|'https://cdn.keyforgegame.com/media/card_front/en/341_297_G45G2JGWP362_en.png'
298|'298'|'call of the archons'|'shadows'|'u'|'carlo phantom'|'creature'|'https://cdn.keyforgegame.com/media/card_front/en/341_298_5PGPFVJF9292_en.png'
299|'299'|'call of the archons'|'shadows'|'r'|'deipno spymaster'|'creature'|'https://cdn.keyforgegame.com/media/card_front/en/341_299_M3P2FVHP7MC_en.png'
300|'300'|'call of the archons'|'shadows'|'r'|'faygin'|'creature'|'https://cdn.keyforgegame.com/media/card_front/en/341_300_X7RWJQRG2MRV_en.png'
301|'301'|'call of the archons'|'shadows'|'u'|'macis asp'|'creature'|'https://cdn.keyforgegame.com/media/card_front/en/341_301_5G45CCCH6W5J_en.png'
302|'302'|'call of the archons'|'shadows'|'r'|'mack the knife'|'creature'|'https://cdn.keyforgegame.com/media/card_front/en/341_302_RP49F4QFW3FM_en.png'
303|'303'|'call of the archons'|'shadows'|'u'|'magda the rat'|'creature'|'https://cdn.keyforgegame.com/media/card_front/en/341_303_JJPCRGJ7CFPW_en.png'
304|'304'|'call of the archons'|'shadows'|'u'|'mooncurser'|'creature'|'https://cdn.keyforgegame.com/media/card_front/en/341_304_3QMPPH48XHXJ_en.png'
305|'305'|'call of the archons'|'shadows'|'c'|'nexus'|'creature'|'https://cdn.keyforgegame.com/media/card_front/en/341_305_7QJVVWFQJPHJ_en.png'
306|'306'|'call of the archons'|'shadows'|'c'|'noddy the thief'|'creature'|'https://cdn.keyforgegame.com/media/card_front/en/341_306_6374XF5G5XMR_en.png'
307|'307'|'call of the archons'|'shadows'|'u'|'old bruno'|'creature'|'https://cdn.keyforgegame.com/media/card_front/en/341_307_7M48G5WCGGX9_en.png'
308|'308'|'call of the archons'|'shadows'|'c'|'dodger'|'creature'|'https://cdn.keyforgegame.com/media/card_front/en/341_308_4VWXF7969J9H_en.png'
309|'309'|'call of the archons'|'shadows'|'r'|'selwyn the fence'|'creature'|'https://cdn.keyforgegame.com/media/card_front/en/341_309_7GJ6RPFR59G2_en.png'
310|'310'|'call of the archons'|'shadows'|'c'|'shadow self'|'creature'|'https://cdn.keyforgegame.com/media/card_front/en/341_310_C33C4J4W6726_en.png'
311|'311'|'call of the archons'|'shadows'|'c'|'silvertooth'|'creature'|'https://cdn.keyforgegame.com/media/card_front/en/341_311_69G639M8F4F2_en.png'
312|'312'|'call of the archons'|'shadows'|'r'|'smiling ruth'|'creature'|'https://cdn.keyforgegame.com/media/card_front/en/341_312_V2H6733WRV33_en.png'
313|'313'|'call of the archons'|'shadows'|'r'|'sneklifter'|'creature'|'https://cdn.keyforgegame.com/media/card_front/en/341_313_XW5J3RPG585M_en.png'
314|'314'|'call of the archons'|'shadows'|'c'|'umbra'|'creature'|'https://cdn.keyforgegame.com/media/card_front/en/341_314_VHG44C64WFXQ_en.png'
315|'315'|'call of the archons'|'shadows'|'c'|'urchin'|'creature'|'https://cdn.keyforgegame.com/media/card_front/en/341_315_7MCP67W84FWX_en.png'
316|'316'|'call of the archons'|'shadows'|'u'|'duskrunner'|'upgrade'|'https://cdn.keyforgegame.com/media/card_front/en/341_316_P6MMX3WR7MC6_en.png'
317|'317'|'call of the archons'|'shadows'|'r'|'ring of invisibility'|'upgrade'|'https://cdn.keyforgegame.com/media/card_front/en/341_317_F7RPHF6XHVWC_en.png'
318|'318'|'call of the archons'|'shadows'|'u'|'silent dagger'|'upgrade'|'https://cdn.keyforgegame.com/media/card_front/en/341_318_CGCC5XW8VF69_en.png'
319|'319'|'call of the archons'|'untammed'|'c'|'cooperative hunting'|'action'|'https://cdn.keyforgegame.com/media/card_front/en/341_319_75P9X98FJQHV_en.png'
320|'320'|'call of the archons'|'untammed'|'r'|'curiosity'|'action'|'https://cdn.keyforgegame.com/media/card_front/en/341_320_Q6Q7VG34P9GF_en.png'
321|'321'|'call of the archons'|'untammed'|'r'|'fertility chant'|'action'|'https://cdn.keyforgegame.com/media/card_front/en/341_321_43VFXWMHFR7M_en.png'
322|'322'|'call of the archons'|'untammed'|'u'|'fogbank'|'action'|'https://cdn.keyforgegame.com/media/card_front/en/341_322_9RH25FHMC26H_en.png'
323|'323'|'call of the archons'|'untammed'|'c'|'full moon'|'action'|'https://cdn.keyforgegame.com/media/card_front/en/341_323_CMWHFWX8HM52_en.png'
324|'324'|'call of the archons'|'untammed'|'u'|'grasping vines'|'action'|'https://cdn.keyforgegame.com/media/card_front/en/341_324_VH9R4P26824V_en.png'
325|'325'|'call of the archons'|'untammed'|'c'|'key charge'|'action'|'https://cdn.keyforgegame.com/media/card_front/en/341_325_66XVRV5PWMVG_en.png'
326|'326'|'call of the archons'|'untammed'|'u'|'lifeweb'|'action'|'https://cdn.keyforgegame.com/media/card_front/en/341_326_X574G5FJP676_en.png'
327|'327'|'call of the archons'|'untammed'|'c'|'lost in the woods'|'action'|'https://cdn.keyforgegame.com/media/card_front/en/341_327_W6VV383R4X8P_en.png'
328|'328'|'call of the archons'|'untammed'|'u'|'mimicry'|'action'|'https://cdn.keyforgegame.com/media/card_front/en/341_328_7H4999VX47XJ_en.png'
329|'329'|'call of the archons'|'untammed'|'u'|'natures call'|'action'|'https://cdn.keyforgegame.com/media/card_front/en/341_329_387QVR6XM2M3_en.png'
330|'330'|'call of the archons'|'untammed'|'c'|'nocturnal maneuver'|'action'|'https://cdn.keyforgegame.com/media/card_front/en/341_330_R4Q6P7M74J89_en.png'
331|'331'|'call of the archons'|'untammed'|'r'|'perilous wild'|'action'|'https://cdn.keyforgegame.com/media/card_front/en/341_331_QF7G64HGJ35G_en.png'
332|'332'|'call of the archons'|'untammed'|'c'|'regrowth'|'action'|'https://cdn.keyforgegame.com/media/card_front/en/341_332_R2GQWP4RXCM4_en.png'
333|'333'|'call of the archons'|'untammed'|'c'|'save the pack'|'action'|'https://cdn.keyforgegame.com/media/card_front/en/341_333_4J9WMP4Q2F2G_en.png'
334|'334'|'call of the archons'|'untammed'|'r'|'scout'|'action'|'https://cdn.keyforgegame.com/media/card_front/en/341_334_W8RW3VC8V333_en.png'
335|'335'|'call of the archons'|'untammed'|'r'|'stampede'|'action'|'https://cdn.keyforgegame.com/media/card_front/en/341_335_QV8XP6G2RJ4V_en.png'
336|'336'|'call of the archons'|'untammed'|'r'|'the common cold'|'action'|'https://cdn.keyforgegame.com/media/card_front/en/341_336_6J5XR2JH8X5G_en.png'
337|'337'|'call of the archons'|'untammed'|'u'|'troop call'|'action'|'https://cdn.keyforgegame.com/media/card_front/en/341_337_WP75XF628MRC_en.png'
338|'338'|'call of the archons'|'untammed'|'c'|'vigor'|'action'|'https://cdn.keyforgegame.com/media/card_front/en/341_338_CR6PV8PPC85R_en.png'
339|'339'|'call of the archons'|'untammed'|'r'|'word of returning'|'action'|'https://cdn.keyforgegame.com/media/card_front/en/341_339_XXH795WXQ6J6_en.png'
340|'340'|'call of the archons'|'untammed'|'r'|'bear flute'|'artifact'|'https://cdn.keyforgegame.com/media/card_front/en/341_340_94548CJ4JMP9_en.png'
341|'341'|'call of the archons'|'untammed'|'u'|'nepenthe seed'|'artifact'|'https://cdn.keyforgegame.com/media/card_front/en/341_341_M3P5Q4RWG42_en.png'
342|'342'|'call of the archons'|'untammed'|'u'|'ritual of balance'|'artifact'|'https://cdn.keyforgegame.com/media/card_front/en/341_342_CCCJH6Q4C2GR_en.png'
343|'343'|'call of the archons'|'untammed'|'r'|'ritual of the hunt'|'artifact'|'https://cdn.keyforgegame.com/media/card_front/en/341_343_MWRP2VMRJ7R7_en.png'
344|'344'|'call of the archons'|'untammed'|'r'|'world tree'|'artifact'|'https://cdn.keyforgegame.com/media/card_front/en/341_344_JWRCR9MQX696_en.png'
345|'345'|'call of the archons'|'untammed'|'c'|'ancient bear'|'creature'|'https://cdn.keyforgegame.com/media/card_front/en/341_345_V9F9WCXJ5VHR_en.png'
346|'346'|'call of the archons'|'untammed'|'u'|'bigtwig'|'creature'|'https://cdn.keyforgegame.com/media/card_front/en/341_346_GFJP96HGWG24_en.png'
347|'347'|'call of the archons'|'untammed'|'r'|'witch of the wilds'|'creature'|'https://cdn.keyforgegame.com/media/card_front/en/341_347_44X322787G78_en.png'
348|'348'|'call of the archons'|'untammed'|'r'|'briar grubbling'|'creature'|'https://cdn.keyforgegame.com/media/card_front/en/341_348_X9R7J6J64H38_en.png'
349|'349'|'call of the archons'|'untammed'|'u'|'chota hazri'|'creature'|'https://cdn.keyforgegame.com/media/card_front/en/341_349_CGCR6RQRM629_en.png'
350|'350'|'call of the archons'|'untammed'|'c'|'dew faerie'|'creature'|'https://cdn.keyforgegame.com/media/card_front/en/341_350_6X8HWG4MJPCC_en.png'
351|'351'|'call of the archons'|'untammed'|'c'|'dust pixie'|'creature'|'https://cdn.keyforgegame.com/media/card_front/en/341_351_PFJXP2G7VWVP_en.png'
352|'352'|'call of the archons'|'untammed'|'u'|'flaxia'|'creature'|'https://cdn.keyforgegame.com/media/card_front/en/341_352_JVPG4792RH9C_en.png'
353|'353'|'call of the archons'|'untammed'|'r'|'fuzzy gruen'|'creature'|'https://cdn.keyforgegame.com/media/card_front/en/341_353_5P9MP78G2R8Q_en.png'
354|'354'|'call of the archons'|'untammed'|'r'|'giant sloth'|'creature'|'https://cdn.keyforgegame.com/media/card_front/en/341_354_9QP6FJMQC6W8_en.png'
355|'355'|'call of the archons'|'untammed'|'u'|'halacor'|'creature'|'https://cdn.keyforgegame.com/media/card_front/en/341_355_XCPG4GRFR6PR_en.png'
356|'356'|'call of the archons'|'untammed'|'r'|'inka the spider'|'creature'|'https://cdn.keyforgegame.com/media/card_front/en/341_356_QW7GHMXR5HJ8_en.png'
357|'357'|'call of the archons'|'untammed'|'r'|'kindrith longshot'|'creature'|'https://cdn.keyforgegame.com/media/card_front/en/341_357_CJVF7978M9W3_en.png'
358|'358'|'call of the archons'|'untammed'|'c'|'snufflegator'|'creature'|'https://cdn.keyforgegame.com/media/card_front/en/341_358_C2FM8V788JM5_en.png'
359|'359'|'call of the archons'|'untammed'|'r'|'lupo the scarred'|'creature'|'https://cdn.keyforgegame.com/media/card_front/en/341_359_RX86WM6596MC_en.png'
360|'360'|'call of the archons'|'untammed'|'r'|'mighty tiger'|'creature'|'https://cdn.keyforgegame.com/media/card_front/en/341_360_88VX5H673QQ4_en.png'
361|'361'|'call of the archons'|'untammed'|'c'|'murmook'|'creature'|'https://cdn.keyforgegame.com/media/card_front/en/341_361_WHJM9F6QF2MF_en.png'
362|'362'|'call of the archons'|'untammed'|'u'|'mushroom man'|'creature'|'https://cdn.keyforgegame.com/media/card_front/en/341_362_HW3R4QRJGGMM_en.png'
363|'363'|'call of the archons'|'untammed'|'c'|'niffle ape'|'creature'|'https://cdn.keyforgegame.com/media/card_front/en/341_363_3RCHH4F7H4XF_en.png'
364|'364'|'call of the archons'|'untammed'|'u'|'niffle queen'|'creature'|'https://cdn.keyforgegame.com/media/card_front/en/341_364_F69VCQPX95RV_en.png'
365|'365'|'call of the archons'|'untammed'|'r'|'piranha monkeys'|'creature'|'https://cdn.keyforgegame.com/media/card_front/en/341_365_9WCFVMXQMVJG_en.png'
366|'366'|'call of the archons'|'untammed'|'r'|'teliga'|'creature'|'https://cdn.keyforgegame.com/media/card_front/en/341_366_F2PF3262P9XJ_en.png'
367|'367'|'call of the archons'|'untammed'|'c'|'hunting witch'|'creature'|'https://cdn.keyforgegame.com/media/card_front/en/341_367_54RJ37XJPQ2_en.png'
368|'368'|'call of the archons'|'untammed'|'c'|'witch of the eye'|'creature'|'https://cdn.keyforgegame.com/media/card_front/en/341_368_MC5PG9FQ3766_en.png'
369|'369'|'call of the archons'|'untammed'|'u'|'way of the bear'|'upgrade'|'https://cdn.keyforgegame.com/media/card_front/en/341_369_3822X74RGM8F_en.png'
370|'370'|'call of the archons'|'untammed'|'u'|'way of the wolf'|'upgrade'|'https://cdn.keyforgegame.com/media/card_front/en/341_370_J935FXX4XCJW_en.png'
